time,position,velocity
0,1,0
0.05,1,0
0.1,1,0
0.15,1,0
0.2,1,0
0.25,1,0
0.3,1,0
0.35,1,0
0.4,1,0
0.45,1,0
0.5,1,0
0.55,1,0
0.6,1,0
0.65,1,0
0.7,1,0
0.75,1,0
0.8,1,0
0.85,1,0
0.9,1,0
0.95,1,0
1,1,0
1.05,1,0
1.1,1,0
1.15,1,0
1.2,1,0
1.25,1,0
1.3,1,0
1.35,1,0
1.4,1,0
1.45,1,0
1.5,1,0
1.55,1,0
1.6,1,0
1.65,1,0
1.7,1,0
1.75,1,0
1.8,1,0
1.85,1,0
1.9,1,0
1.95,1,0
2,1,0
2.05,1,0
2.1,1,0
2.15,1,0
2.2,1,0
2.25,1,0
2.3,1,0
2.35,1,0
2.4,1,0
2.45,1,0
2.5,1,0
2.55,1,0
2.6,1,0
2.65,1,0
2.7,1,0
2.75,1,0
2.8,1,0
2.85,1,0
2.9,1,0
2.95,1,0
3,1,0
3.05,1,0
3.1,1,0
3.15,1,0
3.2,1,0
3.25,1,0
3.3,1,0
3.35,1,0
3.4,1,0
3.45,1,0
3.5,1,0
3.55,1,0
3.6,1,0
3.65,1,0
3.7,1,0
3.75,1,0
3.8,1,0
3.85,1,0
3.9,1,0
3.95,1,0
4,1,0
4.05,1,0
4.1,1,0
4.15,1,0
4.2,1,0
4.25,1,0
4.3,1,0
4.35,1,0
4.4,1,0
4.45,1,0
4.5,1,0
4.55,1,0
4.6,1,0
4.65,1,0
4.7,1,0
4.75,1,0
4.8,1,0
4.85,1,0
4.9,1,0
4.95,1,0
5,1,0
5.05,1,0
5.1,1,0
5.15,1,0
5.2,1,0
5.25,1,0
5.3,1,0
5.35,1,0
5.4,1,0
5.45,1,0
5.5,1,0
5.55,1,0
5.6,1,0
5.65,1,0
5.7,1,0
5.75,1,0
5.8,1,0
5.85,1,0
5.9,1,0
5.95,1,0
6,1,0
6.05,1,0
6.1,1,0
6.15,1,0
6.2,1,0
6.25,1,0
6.3,1,-0.0166667
6.35,0.996959,-0.101403
6.4,0.990174,-0.167171
6.45,0.980489,-0.218023
6.5,0.968566,-0.257144
6.55,0.954928,-0.287043
6.6,0.939982,-0.309694
6.65,0.924052,-0.32665
6.7,0.907391,-0.339133
6.75,0.890197,-0.348105
6.8,0.872626,-0.354322
6.85,0.854801,-0.358381
6.9,0.836816,-0.360749
6.95,0.818748,-0.361796
7,0.800654,-0.361811
7.05,0.78258,-0.361023
7.1,0.764562,-0.35961
7.15,0.746627,-0.357715
7.2,0.728797,-0.355448
7.25,0.711087,-0.352896
7.3,0.693511,-0.350129
7.35,0.676077,-0.347199
7.4,0.658793,-0.344149
7.45,0.641663,-0.341013
7.5,0.624692,-0.337817
7.55,0.607882,-0.33458
7.6,0.591235,-0.33132
7.65,0.57475,-0.328047
7.7,0.55843,-0.324774
7.75,0.542273,-0.321506
7.8,0.526279,-0.31825
7.85,0.510448,-0.31501
7.9,0.494778,-0.311791
7.95,0.479268,-0.308594
8,0.463918,-0.305421
8.05,0.448726,-0.302275
8.1,0.43369,-0.299157
8.15,0.41881,-0.296066
8.2,0.404083,-0.293005
8.25,0.389509,-0.289972
8.3,0.375085,-0.286969
8.35,0.360811,-0.283996
8.4,0.346685,-0.281052
8.45,0.332705,-0.278138
8.5,0.318871,-0.275254
8.55,0.30518,-0.272399
8.6,0.29163,-0.269572
8.65,0.278222,-0.266775
8.7,0.264952,-0.264007
8.75,0.251821,-0.261267
8.8,0.238825,-0.258555
8.85,0.225965,-0.255872
8.9,0.213238,-0.253216
8.95,0.200643,-0.250588
9,0.188178,-0.247986
9.05,0.175844,-0.245412
9.1,0.163637,-0.242865
9.15,0.151557,-0.240343
9.2,0.139602,-0.237848
9.25,0.127771,-0.235379
9.3,0.116064,-0.232936
9.35,0.104477,-0.230518
9.4,0.0930115,-0.228125
9.45,0.0816645,-0.225756
9.5,0.0704354,-0.223413
9.55,0.0593229,-0.221093
9.6,0.0483257,-0.218798
9.65,0.0374426,-0.216527
9.7,0.0266726,-0.214279
9.75,0.0160143,-0.212055
9.8,0.00546675,-0.209853
9.85,-0.00497135,-0.207675
9.9,-0.0153011,-0.205519
9.95,-0.0255236,-0.203385
10,-0.03564,-0.201274
10.05,-0.0456513,-0.199184
10.1,-0.0555587,-0.197116
10.15,-0.0653633,-0.19507
10.2,-0.0750661,-0.193045
10.25,-0.0846682,-0.191041
10.3,-0.0941705,-0.189058
10.35,-0.103574,-0.187095
10.4,-0.11288,-0.185153
10.45,-0.12209,-0.183231
10.5,-0.131204,-0.181328
10.55,-0.140223,-0.179446
10.6,-0.149149,-0.177583
10.65,-0.157982,-0.175739
10.7,-0.166723,-0.173915
10.75,-0.175373,-0.17211
10.8,-0.183934,-0.170323
10.85,-0.192406,-0.168555
10.9,-0.20079,-0.166805
10.95,-0.209087,-0.165073
11,-0.217298,-0.16336
11.05,-0.225423,-0.161664
11.1,-0.233464,-0.159985
11.15,-0.241422,-0.158324
11.2,-0.249297,-0.156681
11.25,-0.25709,-0.155054
11.3,-0.264803,-0.153445
11.35,-0.272435,-0.151852
11.4,-0.279988,-0.150275
11.45,-0.287463,-0.148715
11.5,-0.29486,-0.147171
11.55,-0.30218,-0.145643
11.6,-0.309425,-0.144131
11.65,-0.316594,-0.142635
11.7,-0.323688,-0.141154
11.75,-0.330709,-0.139689
11.8,-0.337658,-0.138239
11.85,-0.344534,-0.136804
11.9,-0.351338,-0.135384
11.95,-0.358072,-0.133978
12,-0.364736,-0.132587
12.05,-0.371331,-0.131211
12.1,-0.377858,-0.129849
12.15,-0.384316,-0.128501
12.2,-0.390708,-0.127167
12.25,-0.397033,-0.125847
12.3,-0.403293,-0.12454
12.35,-0.409487,-0.123247
12.4,-0.415618,-0.121968
12.45,-0.421684,-0.120702
12.5,-0.427688,-0.119448
12.55,-0.433629,-0.118208
12.6,-0.437947,-0.0414813
12.65,-0.438124,0.0313241
12.7,-0.435082,0.0879562
12.75,-0.42954,0.131867
12.8,-0.422061,0.165774
12.85,-0.413093,0.191814
12.9,-0.402983,0.21167
12.95,-0.392006,0.226666
13,-0.380379,0.237843
13.05,-0.368271,0.246022
13.1,-0.355816,0.251848
13.15,-0.343117,0.255829
13.2,-0.330257,0.258363
13.25,-0.3173,0.259765
13.3,-0.304295,0.260283
13.35,-0.291283,0.26011
13.4,-0.278293,0.259401
13.45,-0.26535,0.258275
13.5,-0.252471,0.256826
13.55,-0.239671,0.25513
13.6,-0.226961,0.253245
13.65,-0.214349,0.251217
13.7,-0.201841,0.249082
13.75,-0.189442,0.246869
13.8,-0.177155,0.244599
13.85,-0.164983,0.24229
13.9,-0.152927,0.239956
13.95,-0.140987,0.237608
14,-0.129166,0.235253
14.05,-0.117462,0.2329
14.1,-0.105876,0.230551
14.15,-0.0944068,0.228213
14.2,-0.0830544,0.225887
14.25,-0.0718179,0.223575
14.3,-0.0606965,0.221281
14.35,-0.0496895,0.219005
14.4,-0.0387957,0.216748
14.45,-0.0280143,0.214511
14.5,-0.0173443,0.212294
14.55,-0.00678459,0.210098
14.6,0.00366587,0.207923
14.65,0.0140081,0.20577
14.7,0.0242432,0.203638
14.75,0.0343722,0.201527
14.8,0.0443962,0.199437
14.85,0.0543163,0.197369
14.9,0.0641335,0.195321
14.95,0.0738488,0.193295
15,0.0834633,0.191289
15.05,0.092978,0.189304
15.1,0.102394,0.187339
15.15,0.111712,0.185395
15.2,0.120934,0.18347
15.25,0.13006,0.181566
15.3,0.139091,0.179681
15.35,0.148028,0.177816
15.4,0.156873,0.17597
15.45,0.165625,0.174144
15.5,0.174287,0.172336
15.55,0.182859,0.170547
15.6,0.191342,0.168776
15.65,0.199737,0.167024
15.7,0.208045,0.16529
15.75,0.216267,0.163575
15.8,0.224403,0.161876
15.85,0.232455,0.160196
15.9,0.240423,0.158533
15.95,0.248308,0.156887
16,0.256112,0.155258
16.05,0.263834,0.153647
16.1,0.271477,0.152052
16.15,0.27904,0.150473
16.2,0.286524,0.148911
16.25,0.293931,0.147365
16.3,0.301261,0.145835
16.35,0.308515,0.144321
16.4,0.315693,0.142823
16.45,0.322797,0.14134
16.5,0.329828,0.139873
16.55,0.336785,0.138421
16.6,0.34367,0.136984
16.65,0.350484,0.135562
16.7,0.357227,0.134155
16.75,0.363899,0.132762
16.8,0.370503,0.131384
16.85,0.377038,0.13002
16.9,0.383505,0.12867
16.95,0.389905,0.127334
17,0.396239,0.126012
17.05,0.402507,0.124704
17.1,0.408709,0.12341
17.15,0.414848,0.122128
17.2,0.420923,0.120861
17.25,0.426934,0.119606
17.3,0.432883,0.118364
17.35,0.438771,0.117135
17.4,0.444597,0.115919
17.45,0.450363,0.114716
17.5,0.456069,0.113525
17.55,0.461716,0.112346
17.6,0.467304,0.11118
17.65,0.472834,0.110026
17.7,0.478307,0.108884
17.75,0.483722,0.107753
17.8,0.489082,0.106635
17.85,0.494386,0.105528
17.9,0.499635,0.104432
17.95,0.50483,0.103348
18,0.50997,0.102275
18.05,0.515057,0.101213
18.1,0.520092,0.100163
18.15,0.525074,0.0991229
18.2,0.530004,0.0980939
18.25,0.534883,0.0970755
18.3,0.539712,0.0960677
18.35,0.54449,0.0950704
18.4,0.549219,0.0940835
18.45,0.553899,0.0931068
18.5,0.55853,0.0921402
18.55,0.563113,0.0911836
18.6,0.567648,0.090237
18.65,0.572137,0.0893002
18.7,0.576579,0.0883732
18.75,0.580974,0.0874558
18.8,0.585324,0.0865479
18.85,0.589629,0.0689827
18.9,0.590848,-0.0166424
18.95,0.58828,-0.0832909
19,0.582767,-0.135013
19.05,0.574973,-0.174996
19.1,0.56542,-0.205748
19.15,0.554518,-0.229243
19.2,0.54259,-0.247034
19.25,0.529889,-0.260344
19.3,0.516614,-0.270133
19.35,0.502922,-0.27716
19.4,0.488934,-0.28202
19.45,0.474748,-0.285181
19.5,0.460438,-0.287012
19.55,0.446064,-0.287804
19.6,0.431671,-0.287784
19.65,0.417296,-0.287132
19.7,0.402966,-0.285989
19.75,0.388703,-0.284466
19.8,0.374524,-0.282652
19.85,0.360442,-0.280613
19.9,0.346466,-0.278405
19.95,0.332603,-0.27607
20,0.31886,-0.27364
20.05,0.30524,-0.271143
20.1,0.291747,-0.268599
20.15,0.278381,-0.266023
20.2,0.265145,-0.263429
20.25,0.252038,-0.260826
20.3,0.239062,-0.258222
20.35,0.226216,-0.255623
20.4,0.2135,-0.253034
20.45,0.200912,-0.250457
20.5,0.188454,-0.247897
20.55,0.176122,-0.245355
20.6,0.163918,-0.242832
20.65,0.151839,-0.240331
20.7,0.139884,-0.237851
20.75,0.128053,-0.235394
20.8,0.116345,-0.23296
20.85,0.104757,-0.230549
20.9,0.0932894,-0.228161
20.95,0.0819405,-0.225797
21,0.0707093,-0.223457
21.05,0.0595945,-0.22114
21.1,0.0485949,-0.218846
21.15,0.0377095,-0.216576
21.2,0.0269369,-0.214329
21.25,0.0162762,-0.212105
21.3,0.00572604,-0.209904
21.35,-0.00471461,-0.207726
21.4,-0.0150469,-0.20557
21.45,-0.025272,-0.203436
21.5,-0.0353909,-0.201324
21.55,-0.0454048,-0.199235
21.6,-0.0553147,-0.197167
21.65,-0.0651218,-0.19512
21.7,-0.074827,-0.193094
21.75,-0.0844316,-0.19109
21.8,-0.0939364,-0.189106
21.85,-0.103343,-0.187143
21.9,-0.112651,-0.1852
21.95,-0.121863,-0.183278
22,-0.130979,-0.181375
22.05,-0.140001,-0.179492
22.1,-0.148929,-0.177629
22.15,-0.157764,-0.175785
22.2,-0.166507,-0.17396
22.25,-0.17516,-0.172154
22.3,-0.183723,-0.170367
22.35,-0.192197,-0.168598
22.4,-0.200583,-0.166848
22.45,-0.208882,-0.165116
22.5,-0.217095,-0.163402
22.55,-0.225223,-0.161705
22.6,-0.233266,-0.160027
22.65,-0.241226,-0.158365
22.7,-0.249103,-0.156721
22.75,-0.256898,-0.155094
22.8,-0.264613,-0.153484
22.85,-0.272247,-0.151891
22.9,-0.279802,-0.150314
22.95,-0.287279,-0.148754
23,-0.294678,-0.147209
23.05,-0.302,-0.145681
23.1,-0.309246,-0.144169
23.15,-0.316417,-0.142672
23.2,-0.323513,-0.141191
23.25,-0.330536,-0.139725
23.3,-0.337486,-0.138275
23.35,-0.344364,-0.136839
23.4,-0.35117,-0.135419
23.45,-0.357906,-0.134013
23.5,-0.364572,-0.132622
23.55,-0.371168,-0.131245
23.6,-0.377697,-0.129882
23.65,-0.384157,-0.128534
23.7,-0.39055,-0.1272
23.75,-0.396877,-0.125879
23.8,-0.403138,-0.124572
23.85,-0.409335,-0.123279
23.9,-0.415466,-0.121999
23.95,-0.421535,-0.120733
24,-0.42754,-0.119479
24.05,-0.433483,-0.118239
24.1,-0.439364,-0.117012
24.15,-0.445184,-0.115797
24.2,-0.450944,-0.114595
24.25,-0.456644,-0.113405
24.3,-0.462285,-0.112228
24.35,-0.467867,-0.111063
24.4,-0.473391,-0.10991
24.45,-0.478858,-0.108769
24.5,-0.484268,-0.107639
24.55,-0.489622,-0.106522
24.6,-0.494921,-0.105416
24.65,-0.500164,-0.104322
24.7,-0.505353,-0.103239
24.75,-0.510488,-0.102167
24.8,-0.51557,-0.101106
24.85,-0.520599,-0.100057
24.9,-0.525576,-0.0990181
24.95,-0.530501,-0.0979902
25,-0.535375,-0.0969729
25.05,-0.540198,-0.0959662
25.1,-0.544972,-0.0949699
25.15,-0.549696,-0.0773173
25.2,-0.551329,0.00839423
25.25,-0.549171,0.0751285
25.3,-0.544064,0.126935
25.35,-0.536672,0.167002
25.4,-0.527516,0.197837
25.45,-0.517008,0.221414
25.5,-0.50547,0.239287
25.55,-0.493154,0.252677
25.6,-0.48026,0.262546
25.65,-0.466945,0.269652
25.7,-0.453331,0.274589
25.75,-0.439514,0.277828
25.8,-0.42557,0.279735
25.85,-0.411558,0.280602
25.9,-0.397524,0.280657
25.95,-0.383503,0.280079
26,-0.369524,0.279009
26.05,-0.355608,0.277559
26.1,-0.341773,0.275816
26.15,-0.32803,0.273849
26.2,-0.314391,0.271711
26.25,-0.300861,0.269445
26.3,-0.287448,0.267084
26.35,-0.274154,0.264655
26.4,-0.260983,0.262178
26.45,-0.247937,0.259669
26.5,-0.235017,0.257141
26.55,-0.222223,0.254603
26.6,-0.209556,0.252064
26.65,-0.197016,0.249529
26.7,-0.184603,0.247002
26.75,-0.172316,0.244489
26.8,-0.160154,0.24199
26.85,-0.148117,0.23951
26.9,-0.136203,0.237048
26.95,-0.124412,0.234606
27,-0.112742,0.232186
27.05,-0.101193,0.229788
27.1,-0.0897627,0.227412
27.15,-0.0784511,0.225058
27.2,-0.0672565,0.222728
27.25,-0.0561779,0.22042
27.3,-0.0452141,0.218135
27.35,-0.034364,0.215874
27.4,-0.0236264,0.213635
27.45,-0.0130001,0.211419
27.5,-0.0024841,0.209225
27.55,0.0079228,0.207055
27.6,0.0182217,0.204906
27.65,0.0284138,0.202779
27.7,0.0385,0.200675
27.75,0.0484816,0.198592
27.8,0.0583596,0.196531
27.85,0.068135,0.194491
27.9,0.077809,0.192472
27.95,0.0873825,0.190474
28,0.0968567,0.188497
28.05,0.106233,0.18654
28.1,0.115511,0.184603
28.15,0.124693,0.182687
28.2,0.13378,0.18079
28.25,0.142773,0.178914
28.3,0.151672,0.177056
28.35,0.160479,0.175218
28.4,0.169194,0.173399
28.45,0.177819,0.171599
28.5,0.186354,0.169818
28.55,0.194801,0.168055
28.6,0.20316,0.16631
28.65,0.211432,0.164584
28.7,0.219619,0.162875
28.75,0.22772,0.161184
28.8,0.235737,0.159511
28.85,0.243671,0.157855
28.9,0.251523,0.156216
28.95,0.259293,0.154594
29,0.266983,0.15299
29.05,0.274592,0.151401
29.1,0.282123,0.14983
29.15,0.289576,0.148274
29.2,0.296951,0.146735
29.25,0.304249,0.145212
29.3,0.311472,0.143704
29.35,0.31862,0.142212
29.4,0.325694,0.140736
29.45,0.332694,0.139275
29.5,0.339622,0.137829
29.55,0.346477,0.136398
29.6,0.353262,0.134982
29.65,0.359976,0.133581
29.7,0.36662,0.132194
29.75,0.373195,0.130822
29.8,0.379702,0.129464
29.85,0.386142,0.12812
29.9,0.392515,0.12679
29.95,0.398821,0.125473
30,0.405062,0.124171
30.05,0.411238,0.122882
30.1,0.417351,0.121606
30.15,0.423399,0.120344
30.2,0.429385,0.119094
30.25,0.435309,0.117858
30.3,0.441171,0.116634
30.35,0.446972,0.115424
30.4,0.452714,0.114225
30.45,0.458395,0.113039
30.5,0.464018,0.111866
30.55,0.469582,0.110705
30.6,0.475089,0.109555
30.65,0.480538,0.108418
30.7,0.485931,0.107293
30.75,0.491267,0.106179
30.8,0.496549,0.105076
30.85,0.501775,0.103986
30.9,0.506947,0.102906
30.95,0.512066,0.101838
31,0.517131,0.100781
31.05,0.522144,0.0997343
31.1,0.527105,0.098699
31.15,0.532014,0.0976743
31.2,0.536873,0.0966603
31.25,0.54168,0.0956569
31.3,0.546438,0.0946638
31.35,0.551147,0.0936811
31.4,0.555807,0.0927085
31.45,0.558856,0.0162461
31.5,0.557778,-0.0562973
31.55,0.553494,-0.11267
31.6,0.546722,-0.156325
31.65,0.538027,-0.189977
31.7,0.527854,-0.215766
31.75,0.516553,-0.235373
31.8,0.504398,-0.250123
31.85,0.491604,-0.261057
31.9,0.478342,-0.268995
31.95,0.464743,-0.274583
32,0.450914,-0.278327
32.05,0.436935,-0.280628
32.1,0.42287,-0.281799
32.15,0.408769,-0.282088
32.2,0.394672,-0.281689
32.25,0.380609,-0.280755
32.3,0.366604,-0.279408
32.35,0.352674,-0.27774
32.4,0.338834,-0.275827
32.45,0.325094,-0.273727
32.5,0.311463,-0.271486
32.55,0.297947,-0.269141
32.6,0.284551,-0.266719
32.65,0.271276,-0.264243
32.7,0.258127,-0.26173
32.75,0.245104,-0.259194
32.8,0.232208,-0.256646
32.85,0.219439,-0.254094
32.9,0.206798,-0.251545
32.95,0.194285,-0.249003
33,0.181898,-0.246473
33.05,0.169637,-0.243957
33.1,0.157502,-0.241459
33.15,0.145491,-0.238979
33.2,0.133603,-0.236519
33.25,0.121839,-0.23408
33.3,0.110195,-0.231663
33.35,0.0986719,-0.229268
33.4,0.0872679,-0.226896
33.45,0.0759819,-0.224547
33.5,0.0648128,-0.222221
33.55,0.0537594,-0.219918
33.6,0.0428206,-0.217638
33.65,0.0319953,-0.215381
33.7,0.0212822,-0.213147
33.75,0.0106802,-0.210936
33.8,0.000188222,-0.208747
33.85,-0.0101949,-0.206581
33.9,-0.0204702,-0.204437
33.95,-0.030639,-0.202315
34,-0.0407021,-0.200215
34.05,-0.0506609,-0.198137
34.1,-0.0605162,-0.196081
34.15,-0.0702693,-0.194045
34.2,-0.0799211,-0.192031
34.25,-0.0894727,-0.190038
34.3,-0.0989252,-0.188065
34.35,-0.10828,-0.186113
34.4,-0.117537,-0.184181
34.45,-0.126698,-0.182269
34.5,-0.135764,-0.180376
34.55,-0.144736,-0.178504
34.6,-0.153615,-0.176651
34.65,-0.162401,-0.174817
34.7,-0.171097,-0.173002
34.75,-0.179702,-0.171206
34.8,-0.188218,-0.169429
34.85,-0.196645,-0.16767
34.9,-0.204985,-0.165929
34.95,-0.213238,-0.164207
35,-0.221406,-0.162502
35.05,-0.229489,-0.160815
35.1,-0.237488,-0.159146
35.15,-0.245404,-0.157493
35.2,-0.253237,-0.155858
35.25,-0.26099,-0.15424
35.3,-0.268662,-0.152639
35.35,-0.276254,-0.151055
35.4,-0.283767,-0.149486
35.45,-0.291203,-0.147935
35.5,-0.298561,-0.146399
35.55,-0.305843,-0.144879
35.6,-0.313049,-0.143375
35.65,-0.320181,-0.141887
35.7,-0.327238,-0.140414
35.75,-0.334222,-0.138956
35.8,-0.341134,-0.137513
35.85,-0.347974,-0.136086
35.9,-0.354743,-0.134673
35.95,-0.361441,-0.133275
36,-0.368071,-0.131891
36.05,-0.374631,-0.130522
36.1,-0.381123,-0.129167
36.15,-0.387548,-0.127826
36.2,-0.393906,-0.126499
36.25,-0.400198,-0.125186
36.3,-0.406425,-0.123886
36.35,-0.412587,-0.1226
36.4,-0.418685,-0.121328
36.45,-0.42472,-0.120068
36.5,-0.430692,-0.118822
36.55,-0.436602,-0.117588
36.6,-0.442451,-0.116367
36.65,-0.448239,-0.115159
36.7,-0.453967,-0.113964
36.75,-0.459636,-0.112781
36.8,-0.465245,-0.11161
36.85,-0.470797,-0.110451
36.9,-0.476291,-0.109304
36.95,-0.481728,-0.10817
37,-0.487108,-0.107047
37.05,-0.492432,-0.105936
37.1,-0.497702,-0.104836
37.15,-0.502916,-0.103747
37.2,-0.508077,-0.10267
37.25,-0.513183,-0.101605
37.3,-0.518237,-0.10055
37.35,-0.523239,-0.0995059
37.4,-0.528188,-0.0984729
37.45,-0.533086,-0.0974506
37.5,-0.537933,-0.096439
37.55,-0.54273,-0.0954378
37.6,-0.547477,-0.094447
37.65,-0.552175,-0.0934665
37.7,-0.556824,-0.0758295
37.75,-0.558384,0.00986659
37.8,-0.556152,0.0765855
37.85,-0.550973,0.128377
37.9,-0.543509,0.168429
37.95,-0.534283,0.19925
38,-0.523704,0.222812
38.05,-0.512096,0.24067
38.1,-0.499712,0.254045
38.15,-0.48675,0.2639
38.2,-0.473367,0.270992
38.25,-0.459687,0.275916
38.3,-0.445804,0.27914
38.35,-0.431795,0.281034
38.4,-0.417718,0.281888
38.45,-0.403619,0.281929
38.5,-0.389535,0.281338
38.55,-0.375494,0.280255
38.6,-0.361516,0.278792
38.65,-0.347619,0.277036
38.7,-0.333816,0.275056
38.75,-0.320116,0.272906
38.8,-0.306528,0.270627
38.85,-0.293055,0.268255
38.9,-0.279703,0.265813
38.95,-0.266475,0.263324
39,-0.253371,0.260803
39.05,-0.240395,0.258263
39.1,-0.227545,0.255714
39.15,-0.214823,0.253163
39.2,-0.202229,0.250617
39.25,-0.189762,0.248079
39.3,-0.177421,0.245554
39.35,-0.165206,0.243045
39.4,-0.153116,0.240553
39.45,-0.14115,0.23808
39.5,-0.129308,0.235628
39.55,-0.117587,0.233197
39.6,-0.105988,0.230788
39.65,-0.0945078,0.228402
39.7,-0.0831469,0.226038
39.75,-0.0719036,0.223698
39.8,-0.0607768,0.22138
39.85,-0.0497653,0.219085
39.9,-0.0388679,0.216814
39.95,-0.0280835,0.214565
40,-0.017411,0.212339
40.05,-0.00684917,0.210136
40.1,0.00360305,0.207956
40.15,0.0139468,0.205798
40.2,0.0241832,0.203662
40.25,0.0343134,0.201549
40.3,0.0443384,0.199457
40.35,0.0542594,0.197386
40.4,0.0640774,0.195337
40.45,0.0737935,0.19331
40.5,0.0834088,0.191303
40.55,0.0929242,0.189317
40.6,0.102341,0.187352
40.65,0.11166,0.185407
40.7,0.120882,0.183482
40.75,0.130008,0.181578
40.8,0.13904,0.179693
40.85,0.147978,0.177827
40.9,0.156823,0.175981
40.95,0.165576,0.174154
41,0.174239,0.172346
41.05,0.182811,0.170557
41.1,0.191295,0.168787
41.15,0.19969,0.167034
41.2,0.207999,0.1653
41.25,0.216221,0.163584
41.3,0.224357,0.161886
41.35,0.232409,0.160205
41.4,0.240378,0.158542
41.45,0.248264,0.156896
41.5,0.256068,0.155268
41.55,0.263791,0.153656
41.6,0.271434,0.152061
41.65,0.278997,0.150482
41.7,0.286482,0.14892
41.75,0.29389,0.147374
41.8,0.30122,0.145844
41.85,0.308474,0.14433
41.9,0.315653,0.142831
41.95,0.322758,0.141349
42,0.329788,0.139881
42.05,0.336746,0.138429
42.1,0.343632,0.136992
42.15,0.350446,0.13557
42.2,0.357189,0.134163
42.25,0.363862,0.13277
42.3,0.370466,0.131391
42.35,0.377001,0.130027
42.4,0.383469,0.128678
42.45,0.389869,0.127342
42.5,0.396203,0.12602
42.55,0.402472,0.124711
42.6,0.408675,0.123417
42.65,0.414813,0.122136
42.7,0.420889,0.120868
42.75,0.4269,0.119613
42.8,0.43285,0.118371
42.85,0.438738,0.117142
42.9,0.444564,0.115926
42.95,0.450331,0.114723
43,0.456037,0.113532
43.05,0.461684,0.112353
43.1,0.467272,0.111187
43.15,0.472803,0.110032
43.2,0.478276,0.10889
43.25,0.483692,0.10776
43.3,0.489052,0.106641
43.35,0.494356,0.105534
43.4,0.499606,0.104438
43.45,0.5048,0.103354
43.5,0.509941,0.102281
43.55,0.515029,0.101219
43.6,0.520063,0.100169
43.65,0.525046,0.0991287
43.7,0.529976,0.0980996
43.75,0.534856,0.0970812
43.8,0.539685,0.0960734
43.85,0.544463,0.095076
43.9,0.549193,0.094089
43.95,0.553873,0.0931122
44,0.558504,0.0754789
44.05,0.560046,-0.0102136
44.1,0.557797,-0.0769289
44.15,0.552601,-0.128717
44.2,0.54512,-0.168766
44.25,0.535877,-0.199582
44.3,0.525282,-0.223141
44.35,0.513657,-0.240996
44.4,0.501257,-0.254368
44.45,0.488279,-0.26422
44.5,0.474881,-0.271308
44.55,0.461184,-0.276228
44.6,0.447286,-0.27945
44.65,0.433261,-0.28134
44.7,0.419169,-0.282191
44.75,0.405056,-0.282229
44.8,0.390957,-0.281634
44.85,0.3769,-0.280549
44.9,0.362908,-0.279083
44.95,0.348997,-0.277324
45,0.335179,-0.275341
45.05,0.321466,-0.273187
45.1,0.307863,-0.270906
45.15,0.294377,-0.26853
45.2,0.281011,-0.266086
45.25,0.267769,-0.263594
45.3,0.254652,-0.261071
45.35,0.241662,-0.258528
45.4,0.228799,-0.255976
45.45,0.216065,-0.253422
45.5,0.203457,-0.250873
45.55,0.190977,-0.248333
45.6,0.178624,-0.245805
45.65,0.166396,-0.243293
45.7,0.154294,-0.240799
45.75,0.142316,-0.238324
45.8,0.130461,-0.235869
45.85,0.118729,-0.233436
45.9,0.107117,-0.231024
45.95,0.095626,-0.228635
46,0.0842535,-0.226269
46.05,0.0729987,-0.223926
46.1,0.0618605,-0.221606
46.15,0.0508377,-0.219309
46.2,0.0399292,-0.217035
46.25,0.0291338,-0.214784
46.3,0.0184504,-0.212556
46.35,0.00787778,-0.210351
46.4,-0.00258512,-0.208169
46.45,-0.0129394,-0.206008
46.5,-0.0231863,-0.20387
46.55,-0.0333268,-0.201754
46.6,-0.0433621,-0.19966
46.65,-0.0532933,-0.197588
46.7,-0.0631213,-0.195537
46.75,-0.0728473,-0.193507
46.8,-0.0824724,-0.191499
46.85,-0.0919975,-0.189511
46.9,-0.101424,-0.187543
46.95,-0.110752,-0.185597
47,-0.119984,-0.18367
47.05,-0.12912,-0.181763
47.1,-0.13816,-0.179876
47.15,-0.147107,-0.178009
47.2,-0.155962,-0.176161
47.25,-0.164724,-0.174332
47.3,-0.173395,-0.172522
47.35,-0.181976,-0.170731
47.4,-0.190469,-0.168959
47.45,-0.198873,-0.167205
47.5,-0.207189,-0.165469
47.55,-0.21542,-0.163751
47.6,-0.223565,-0.162051
47.65,-0.231625,-0.160369
47.7,-0.239602,-0.158704
47.75,-0.247496,-0.157057
47.8,-0.255308,-0.155426
47.85,-0.263039,-0.153813
47.9,-0.27069,-0.152216
47.95,-0.278261,-0.150636
48,-0.285753,-0.149072
48.05,-0.293168,-0.147524
48.1,-0.300506,-0.145993
48.15,-0.307768,-0.144477
48.2,-0.314954,-0.142977
48.25,-0.322066,-0.141493
48.3,-0.329104,-0.140024
48.35,-0.336068,-0.138571
48.4,-0.342961,-0.137132
48.45,-0.349782,-0.135708
48.5,-0.356532,-0.1343
48.55,-0.363212,-0.132905
48.6,-0.369823,-0.131526
48.65,-0.376365,-0.13016
48.7,-0.382839,-0.128809
48.75,-0.389246,-0.127472
48.8,-0.395587,-0.126148
48.85,-0.401861,-0.124839
48.9,-0.408071,-0.123543
48.95,-0.414216,-0.12226
49,-0.420297,-0.120991
49.05,-0.426315,-0.119735
49.1,-0.432271,-0.118492
49.15,-0.438164,-0.117262
49.2,-0.443997,-0.116045
49.25,-0.449769,-0.11484
49.3,-0.455481,-0.113648
49.35,-0.461134,-0.112468
49.4,-0.466728,-0.1113
49.45,-0.472264,-0.110145
49.5,-0.477743,-0.109001
49.55,-0.483165,-0.10787
49.6,-0.48853,-0.10675
49.65,-0.49384,-0.105642
49.7,-0.499095,-0.104545
49.75,-0.504295,-0.10346
49.8,-0.509441,-0.102386
49.85,-0.514533,-0.101323
49.9,-0.519573,-0.100271
49.95,-0.524561,-0.09923
